Playlist ID,Add new videos to top,Playlist Image 1 Create Timestamp,Playlist Image 1 URL,Playlist Image 1 Height,Playlist Image 1 Width,Playlist Image 2 Create Timestamp,Playlist Image 2 URL,Playlist Image 2 Height,Playlist Image 2 Width,Playlist Title (Original),Playlist Title (Original) Language,Playlist Create Timestamp,Playlist Update Timestamp,Playlist Video Order,Playlist Visibility
PL5IWFsL2lbElGHD9PBe5EzVQ1ILi1Ex0l,False,,,,,,,,,XMAS 2025,,2025-12-24T10:26:41+00:00,2025-12-24T10:26:41+00:00,Manual,Private
PL5IWFsL2lbEklwHK5uazRdf3qgEWqviJZ,False,,,,,,,,,Screen Printing,,2025-07-20T13:11:55+00:00,2025-07-20T14:42:37+00:00,Manual,Private
PL5IWFsL2lbEmFIXc_SiPEGhazwvnibJcS,False,,,,,,,,,AI,,2025-06-02T10:09:03+00:00,2026-01-19T10:06:37+00:00,Manual,Private
PL5IWFsL2lbEnKm5ld2iS7yvepYLyntjf8,False,,,,,,,,,DTTCY,,2025-02-12T13:14:54+00:00,2025-02-19T16:38:52+00:00,Manual,Private
PL5IWFsL2lbEkq4u-7RXhwNMt2ynOs5b01,False,,,,,,,,,Soundproofing,,2024-08-11T10:40:27+00:00,2024-08-11T10:47:43+00:00,Manual,Private
PL5IWFsL2lbEkyE1sofDRGiVUw8vvj2WGO,False,,,,,,,,,Tech Radar,,2024-05-03T15:01:08+00:00,2024-05-03T15:07:10+00:00,Manual,Private
PL5IWFsL2lbElZuD0ni58TZp-eu2_O9YbM,False,,,,,,,,,Storybook,,2023-04-27T09:38:36+00:00,2023-04-27T09:38:36+00:00,Manual,Private
PL5IWFsL2lbEkgaKycQ-gvv6mwHzJTe00x,False,2023-03-24T15:33:35.46136923+00:00,https://yt3.googleusercontent.com/k9_Jm2NS-3JM2wS0mGfniW0Dz7TL-xsCLDYjC2zw35desYYZskwDTE9hYlhOR7TEjvusiA-kXAk,1000,1000,,,,,FishStock 2023,,2023-03-24T09:09:03+00:00,2023-03-24T15:50:32+00:00,Manual,Private
PL5IWFsL2lbEkJBXCTbWNM-8NtlpPjDt12,False,,,,,,,,,Open AI,,2023-02-27T12:20:33+00:00,2023-06-28T20:08:46+00:00,Manual,Private
PL5IWFsL2lbEkVVXLaTrfXI-6DysUlN2LK,False,2022-10-31T21:16:22.682434428+00:00,https://yt3.ggpht.com/CekXvv00Fg1_sJ1bFeJPuoL21zp5isJi27eOgdIxocyxwL83qr1t3QSk6buZm3NG8tl0JeqfJMI,1000,1000,,,,,Bardcore,,2022-10-31T21:13:26+00:00,2022-11-21T12:05:02+00:00,Manual,Public
PL5IWFsL2lbElxgFMcnh5d-wMyTDKXzXxm,False,,,,,,,,,Contentful,,2022-06-24T10:20:31+00:00,2023-01-25T15:14:40+00:00,Manual,Private
PL5IWFsL2lbEmK_cnqswQAQj-D5nizFKz7,False,,,,,,,,,Builder.io,,2022-05-30T08:56:41+00:00,2022-05-30T08:57:44+00:00,Manual,Private
PL5IWFsL2lbEkOpl1mIdd4TUk0Kc33W9Nn,False,,,,,,,,,WED,,2022-04-29T20:57:26+00:00,2023-03-02T05:33:42+00:00,Manual,Private
PL5IWFsL2lbEnSrJy5IQ9kcfE7TPTF3ubk,False,,,,,,,,,Vue Storefront / UI,,2022-04-27T14:12:56+00:00,2022-04-27T14:16:08+00:00,Manual,Private
PL5IWFsL2lbEmssZ8rK6UFWFfbGHMFZszz,False,,,,,,,,,Recipes - Low Carb,,2022-03-28T08:35:44+00:00,2022-08-28T14:01:04+00:00,Manual,Private
PL5IWFsL2lbEm6TVauwduAvlCk3wiPUElF,False,,,,,,,,,3D,,2022-03-17T12:45:17+00:00,2022-03-17T12:45:17+00:00,Manual,Private
PL5IWFsL2lbElHaQgyMoIyvtVY-U-hUsr8,False,,,,,,,,,Figma,,2022-03-16T14:29:52+00:00,2022-03-16T14:30:38+00:00,Manual,Private
PL5IWFsL2lbEkwgBfb53yLxI3CzIKnX3pw,False,,,,,,,,,AEM,,2022-03-10T11:19:35+00:00,2022-03-10T11:19:35+00:00,Manual,Private
PL5IWFsL2lbEm-c85b_m7GA9AEWskLE-RK,False,,,,,,,,,Decentraland,,2022-03-07T11:46:37+00:00,2022-03-07T11:47:07+00:00,Manual,Private
PL5IWFsL2lbEnRwMi5Ob4qjRwwm1CeGVNq,False,,,,,,,,,NativeBase.io,,2022-02-23T09:54:27+00:00,2022-02-23T15:46:00+00:00,Manual,Private
PL5IWFsL2lbEl0p46xHXlbVAXp-Inl9hvI,False,,,,,,,,,Air Fryer,,2022-01-07T17:06:01+00:00,2022-01-09T13:16:42+00:00,Manual,Private
PL5IWFsL2lbElv4zCOnXKel5FgOzvOhy63,False,,,,,,,,,MDB,,2022-01-07T15:49:50+00:00,2022-01-07T15:49:50+00:00,Manual,Private
PL5IWFsL2lbEm0oguXvjj0QwIxlNXNyC2B,False,,,,,,,,,California,,2021-11-15T11:49:54+00:00,2021-11-15T11:49:54+00:00,Manual,Private
PL5IWFsL2lbEmV2pOeEFtFxREmVeXufa8f,False,,,,,,,,,Product (Owner),,2021-09-30T10:13:27+00:00,2021-09-30T11:39:36+00:00,Manual,Private
PL5IWFsL2lbEm0mw-5fuFm3P3y347dl_nN,False,2021-09-11T11:46:36.360460526+00:00,https://yt3.ggpht.com/YJfwWrkmenacPgu93MQnljPJ-f015i1oH3uaEIuCAF1lJIpwEhJo81JUuA15LeGOSHMiH6OAW6M,1000,1000,,,,,ECU-Vids,,2021-09-11T11:44:42+00:00,2021-09-11T11:57:38+00:00,Manual,Private
PL5IWFsL2lbEkXlOfuuWBZ938ci0g0j5ZT,False,,,,,,,,,Crypto,,2021-09-03T15:34:11+00:00,2025-07-04T09:34:35+00:00,Manual,Private
PL5IWFsL2lbEkxPdUSFXPBNu2ZutHhG9sC,False,,,,,,,,,Music 4 Róisín,,2021-07-28T18:20:31+00:00,2021-07-28T19:02:40+00:00,Manual,Private
PL5IWFsL2lbEkLJvEzt1OYQU7hI1J7EHQX,False,,,,,,,,,Underbelly,,2021-07-08T09:03:02+00:00,2021-07-08T09:03:14+00:00,Manual,Private
PL5IWFsL2lbElzMrLBpqDCueFPsW4IynTB,False,,,,,,,,,NFTs,,2021-05-23T14:55:59+00:00,2022-04-04T20:45:52+00:00,Manual,Private
PL5IWFsL2lbEmjVtmYWFk4T61ioMbKqyt0,False,,,,,,,,,OBS - OBS-Ninja,,2021-03-15T17:42:13+00:00,2021-03-15T17:42:25+00:00,Manual,Private
PL5IWFsL2lbEm-lBbVGND4Hhyv0XV09QPB,False,,,,,,,,,css tidbit,,2021-03-10T18:59:49+00:00,2021-03-10T19:33:48+00:00,Manual,Private
PL5IWFsL2lbEmK9kOykQez3ZwI_xGfP8Kl,False,,,,,,,,,11ty,,2021-01-06T14:38:23+00:00,2025-11-02T23:36:44+00:00,Manual,Private
PL5IWFsL2lbEkogRQjfum9unFf-Vw7GYJl,False,,,,,,,,,css animations,,2021-01-03T13:56:25+00:00,2022-06-28T08:50:17+00:00,Manual,Private
PL5IWFsL2lbEnEsfGSX3LZYM28vFwIJvq4,False,,,,,,,,,html emails,,2020-12-30T16:05:56+00:00,2020-12-30T16:05:56+00:00,Manual,Private
PL5IWFsL2lbEmH4rw9G12letw6McHDKQK4,False,,,,,,,,,Strapi,,2020-10-15T06:41:24+00:00,2021-06-17T19:09:14+00:00,Manual,Public
PL5IWFsL2lbElJEXydaoHvfEXIplAVfnih,False,,,,,,,,,Street,,2020-08-27T20:17:07+00:00,2020-08-27T20:17:07+00:00,Manual,Public
PL5IWFsL2lbEmb-tBW3VYIczoRG2QjWkPN,False,,,,,,,,,SSG,,2020-08-15T08:02:43+00:00,2020-08-15T09:20:36+00:00,Manual,Public
PL5IWFsL2lbEkzQSJoEiDAsY8S3EkfLHLi,False,,,,,,,,,webflow,,2020-08-09T19:48:03+00:00,2020-08-09T19:48:03+00:00,Manual,Public
PL5IWFsL2lbEkyKvOaLpWmzraTX0P58zeI,False,,,,,,,,,Food,,2020-07-12T12:56:52+00:00,2020-07-12T12:56:52+00:00,Manual,Public
PL5IWFsL2lbEkDSy5UCCixE8H0XlLWoZRi,False,,,,,,,,,Mono Repo,,2020-05-31T16:17:32+00:00,2020-05-31T18:20:23+00:00,Manual,Public
PL5IWFsL2lbEm0YrfC8UoN7I44G39lcFbB,False,,,,,,,,,storybook,,2020-05-06T19:35:05+00:00,2022-10-21T13:00:02+00:00,Manual,Public
PL5IWFsL2lbEmMeAkjKBjySbyMi2PtqGew,False,,,,,,,,,Vue,,2020-01-19T19:49:55+00:00,2024-01-11T02:23:46+00:00,Manual,Public
PL5IWFsL2lbElCP4Z8K74W1UPcYxfj7kg-,False,,,,,,,,,Webpack,,2019-12-29T11:53:50+00:00,2021-01-19T15:36:44+00:00,Manual,Public
PL5IWFsL2lbEl2yC9XS8Icx6oEG-7OHBre,False,,,,,,,,,json-ld,,2019-12-16T19:18:23+00:00,2019-12-16T19:18:23+00:00,Manual,Public
PL5IWFsL2lbElnU7ej6goyUosdVc8buCRK,False,,,,,,,,,css,,2019-11-24T17:58:28+00:00,2022-07-11T19:57:15+00:00,Manual,Public
PL5IWFsL2lbEk8wD7N3jFfcLLm7xpBMxLK,False,,,,,,,,,Help Me,,2019-10-13T18:36:52+00:00,2021-08-01T11:23:28+00:00,Manual,Public
PL5IWFsL2lbEkSdmT_JOqg5d2QZwU5Ij4E,False,,,,,,,,,SEO,,2019-10-09T15:58:41+00:00,2025-04-20T10:52:05+00:00,Manual,Public
PL5IWFsL2lbEluhfQ-kl6KUxSWkSTQMQX2,False,,,,,,,,,Dropshipping,,2019-09-08T16:25:18+00:00,2023-04-11T05:35:23+00:00,Manual,Public
PL5IWFsL2lbEn3msSHXUb4ditCXTdl9E52,False,,,,,,,,,Influence and Persuasion,,2019-09-08T15:49:55+00:00,2019-09-08T15:49:55+00:00,Manual,Public
PL5IWFsL2lbEks-ls0KXw3dkVA56tV_o7d,False,,,,,,,,,recipies,,2019-08-11T16:09:27+00:00,2026-01-31T17:19:20+00:00,Manual,Public
PL5IWFsL2lbEl9Ry1cJ7Un-U92GXpWs3v8,False,,,,,,,,,Religion,,2019-07-24T18:23:55+00:00,2025-03-27T08:42:43+00:00,Manual,Public
PL5IWFsL2lbEn00HY1gliRtRlkUA-rEpMP,False,,,,,,,,,Drupal / Twig,,2019-07-12T16:56:45+00:00,2023-03-19T14:35:32+00:00,Manual,Public
PL5IWFsL2lbEnDRFuwBVYZeXe1JfCA7v67,False,,,,,,,,,Help,,2019-06-07T18:31:46+00:00,2019-06-07T18:31:46+00:00,Manual,Public
PL5IWFsL2lbElxUiG8Seh9fcDIEqW2Ua59,False,,,,,,,,,web compoments,,2019-04-28T20:25:47+00:00,2023-04-24T21:22:01+00:00,Manual,Public
PL5IWFsL2lbEkUMtqe3qyn1eklhy1FtpwH,False,,,,,,,,,React / Storybook,,2019-04-14T13:20:44+00:00,2019-04-28T19:30:02+00:00,Manual,Private
PL5IWFsL2lbEk72rkA-1-j9V2j5nSCh7Fd,False,,,,,,,,,unc-002,,2019-04-12T11:11:57+00:00,2019-04-12T11:11:57+00:00,Manual,Private
PL5IWFsL2lbEm5PFk-f602V6mU8j7BdVBF,False,,,,,,,,,san fran,,2019-03-17T17:08:29+00:00,2019-04-01T17:35:59+00:00,Manual,Public
PL5IWFsL2lbEn6Ca0pDdhqy3L5ZaSTzNJW,False,,,,,,,,,Grav,,2019-01-13T14:11:29+00:00,2019-12-29T11:53:55+00:00,Manual,Public
PL5IWFsL2lbEm23_2yxRE14viYc2b-oeYB,False,,,,,,,,,Twine,,2019-01-12T09:44:31+00:00,2019-01-12T09:44:53+00:00,Manual,Public
PL5IWFsL2lbEkz1TnBGSelxmrPrWDoebJQ,False,,,,,,,,,Politics,,2019-01-06T21:37:52+00:00,2023-11-22T11:42:16+00:00,Manual,Public
PL5IWFsL2lbEkwuy0Y0NN4Z9UELuN94s5c,False,,,,,,,,,Design Systems,,2018-12-05T19:46:51+00:00,2024-03-03T11:10:50+00:00,Manual,Public
PL5IWFsL2lbElnrdNlStUGY-aVM29J1M7d,False,,,,,,,,,Int Dk Web,,2018-11-22T07:43:43+00:00,2023-11-30T09:49:45+00:00,Manual,Public
PL5IWFsL2lbEnd1UENL0dMTZ-cK9rdcP7v,False,,,,,,,,,git,,2018-11-08T18:56:44+00:00,2018-11-08T18:57:01+00:00,Manual,Public
PL5IWFsL2lbEnMyxFsoY0ftvV1cdFgNSii,False,,,,,,,,,Data Viz,,2018-11-07T11:16:33+00:00,2024-06-24T01:22:48+00:00,Manual,Public
PL5IWFsL2lbEkFhNhS7mxLilbyi5PQ_GnY,False,,,,,,,,,Scrum Master,,2018-10-08T18:40:17+00:00,2018-11-28T19:46:40+00:00,Manual,Public
PL5IWFsL2lbEmQSOjdJtHHmQRn8J-gsL44,False,,,,,,,,,css grid,,2018-09-07T17:35:15+00:00,2019-01-15T10:15:14+00:00,Manual,Public
PL5IWFsL2lbEmMozU0rNIvSU9HDDZD7FqW,False,,,,,,,,,VR,,2017-06-23T20:21:34+00:00,2017-06-23T20:21:34+00:00,Manual,Public
PL5IWFsL2lbEkdbEseQcFJyhY6iIemwKMe,False,,,,,,,,,js libs,,2017-06-07T20:45:27+00:00,2017-06-07T20:45:27+00:00,Manual,Public
PL5IWFsL2lbElaCsg957fqqJj_GINIkYMe,False,,,,,,,,,MUSIC,,2016-10-15T08:04:02+00:00,2024-09-13T17:28:19+00:00,Manual,Public
PL5IWFsL2lbEk8Uq0yi3AV1eiPXQGLsAnV,False,,,,,,,,,UX,,2016-10-09T20:52:39+00:00,2016-10-09T20:52:39+00:00,Manual,Public
PL5IWFsL2lbEkMgAEVYR6mwVBOCqAkp3oy,False,2020-12-08T02:40:40.545144883+00:00,https://yt3.ggpht.com/qWqKKeXLnD8CKrZ_k7A4hr_rTBUYlIZn-4rJdMGxR9qVtlKyYimZn95HzUfChGyOclE5fZqbPPc,1000,1000,,,,,Music Vids,,2016-09-22T18:46:30+00:00,2022-03-13T12:16:11+00:00,Manual,Public
PL5IWFsL2lbEn0QvAoMwevAuSH7LRYKqJj,False,,,,,,,,,Jekyll,,2016-08-27T16:24:41+00:00,2016-08-27T16:24:41+00:00,Manual,Public
PL5IWFsL2lbEnppwU92occLZIjKGudmLre,False,,,,,,,,,JS,,2016-08-27T08:15:51+00:00,2025-07-18T21:18:41+00:00,Manual,Public
PL5IWFsL2lbElga0Q5M56SzhpDEIMuQoHy,False,,,,,,,,,Accessibility,,2016-08-13T13:11:28+00:00,2026-02-01T21:33:10+00:00,Date Published (Newest),Public
PL5IWFsL2lbEnyV5XZoD4ntNorxS5YTF_J,False,,,,,,,,,Drupal,,2016-08-05T10:16:58+00:00,2025-02-11T15:37:58+00:00,Manual,Public
PL5IWFsL2lbEmo1wyBjiZiUh0j2fyDOQws,False,,,,,,,,,CSS Animations / Transitions,,2016-06-05T20:09:32+00:00,2019-04-18T20:04:58+00:00,Manual,Public
PL5IWFsL2lbElpS9HpGhL_6OhH5Ut-XP2g,False,,,,,,,,,VJ,,2016-02-14T14:38:42+00:00,2016-02-14T14:38:53+00:00,Manual,Public
PL5IWFsL2lbEmvaGSs1NO21mkI2AiDDSz7,False,,,,,,,,,AGILE,,2016-02-11T20:23:46+00:00,2017-06-03T23:16:41+00:00,Manual,Public
PL5IWFsL2lbEkCkI4dAXKXD_nur4WYCBYk,False,,,,,,,,,after effects,,2016-02-04T22:09:22+00:00,2016-02-04T22:09:22+00:00,Manual,Public
PL5IWFsL2lbEnNvNPhAc1vQ6oWj1Qdyjxv,False,,,,,,,,,twitch,,2015-10-06T14:02:40+00:00,2015-10-06T15:52:34+00:00,Manual,Public
PL5IWFsL2lbEmEJ3nHenXP6IibDmuoC0ET,False,2023-07-16T13:02:02.877017053+00:00,https://yt3.googleusercontent.com/SJkwZYoHHtw_fIEMZAW7wykWXcsEOlYrejrNps_Yc02ioP2Y0sUoFPNp3QJQJgH19YoZI7JiJQ,1000,1000,,,,,Easton Chop Up,,2015-06-01T17:44:59+00:00,2025-10-20T23:14:24+00:00,Date Added (Oldest),Public
PL5IWFsL2lbEnGI3CmLFEPr2pz5sFw-jxU,False,,,,,,,,,Post punk,,2015-05-07T06:14:50+00:00,2026-02-01T21:33:10+00:00,Date Published (Oldest),Private
PL5IWFsL2lbEloYzjCsvM6nJsURT0RAk_X,False,,,,,,,,,Reason,,2015-05-01T18:19:48+00:00,2025-04-25T23:15:50+00:00,Date Added (Newest),Private
PL5IWFsL2lbEkhmw8B6rLVwawpoBau7MYw,False,2020-12-10T12:56:55.89582934+00:00,https://yt3.ggpht.com/P_elcPLfUqlidXlm15BO5bL3knrK3dw1MpEKyqxe23PHV7m6N2LFhdkRN0RcIt-BnDqyOiWaEPs,1000,1000,,,,,Crofters,,2014-08-31T07:53:07+00:00,2026-02-01T21:33:10+00:00,Most Popular,Private
PL5IWFsL2lbEmoyJZrqRJF1WIbXjFge4cb,False,2021-06-26T13:53:34.230210369+00:00,https://yt3.ggpht.com/uPIj_OyNrRpR4Ws2krU3vkb0zkkk7Oz-5f1ePJTNgOl_DuhpGNWtIxNM14R7cv1ljLLfNMSJ8Uw,1000,1000,2026-01-26T08:36:27.600361418+00:00,https://yt3.googleusercontent.com/8TuRbwvLwyPgvKLewkZsU0t2Y3B7Gf1BLfnRw1qNluE734OqzstfXQI7m4lmsYlPnJEzDyzMew,1000,1000,reneblueprint,,2014-07-08T15:14:21+00:00,2026-02-01T21:33:10+00:00,Most Popular,Private
FLFLBnuqon8OklNiEFXPO-kQ,True,,,,,,,,,Favorites,en_US,2013-09-10T19:31:45+00:00,2025-11-11T18:09:37+00:00,Manual,Public
PL5IWFsL2lbElTzzApA9t8aVMhwCDOKkWa,False,,,,,,,,,West African Cosmos,,2013-02-08T08:50:31+00:00,2020-11-20T12:11:44+00:00,Manual,Public
PL52103F89ABD10732,False,,,,,,,,,Watch later,en_US,2012-03-21T14:59:48+00:00,2026-02-01T19:15:56+00:00,Date Added (Newest),Private





